Estacion,Variable,pct_valido,racha_max_horas,racha_max_dias
CE,CO,94.21,503,21.0
CE,NO,90.92,244,10.2
CE,NO2,93.22,294,12.2
CE,NOX,92.98,1333,55.5
CE,O3,92.66,501,20.9
CE,PM10,97.2,63,2.6
CE,PM2.5,85.84,432,18.0
CE,PRS,97.93,76,3.2
CE,RAINF,98.09,76,3.2
CE,RH,97.65,76,3.2
CE,SO2,95.17,171,7.1
CE,SR,98.72,50,2.1
CE,TOUT,98.05,76,3.2
CE,WSR,97.85,76,3.2
CE,WDR,98.0,76,3.2
NE,CO,88.48,3962,165.1
NE,NO,84.91,713,29.7
NE,NO2,77.8,10067,419.5
NE,NOX,77.8,10070,419.6
NE,O3,76.88,10049,418.7
NE,PM10,96.41,400,16.7
NE,PM2.5,92.8,400,16.7
NE,PRS,94.85,1900,79.2
NE,RAINF,95.81,1463,61.0
NE,RH,94.47,1463,61.0
NE,SO2,77.92,4513,188.0
NE,SR,97.27,442,18.4
NE,TOUT,73.07,2983,124.3
NE,WSR,86.59,1892,78.8
NE,WDR,92.22,1463,61.0
NE2,CO,84.82,2568,107.0
NE2,NO,72.33,5235,218.1
NE2,NO2,72.41,5235,218.1
NE2,NOX,73.28,5301,220.9
NE2,O3,78.0,5113,213.0
NE2,PM10,94.91,167,7.0
NE2,PM2.5,67.21,7356,306.5
NE2,PRS,97.12,96,4.0
NE2,RAINF,97.57,95,4.0
NE2,RH,96.11,559,23.3
NE2,SO2,88.74,2594,108.1
NE2,SR,99.23,43,1.8
NE2,TOUT,97.43,95,4.0
NE2,WSR,86.33,2160,90.0
NE2,WDR,90.52,2388,99.5
NE3,CO,76.02,8784,366.0
NE3,NO,76.37,8784,366.0
NE3,NO2,76.56,8784,366.0
NE3,NOX,76.5,8784,366.0
NE3,O3,78.93,8784,366.0
NE3,PM10,78.53,8784,366.0
NE3,PM2.5,4.2,50225,2092.7
NE3,PRS,79.27,8785,366.0
NE3,RAINF,80.25,8785,366.0
NE3,RH,80.14,8784,366.0
NE3,SO2,51.83,8784,366.0
NE3,SR,73.68,8784,366.0
NE3,TOUT,79.69,8784,366.0
NE3,WSR,77.84,8784,366.0
NE3,WDR,80.12,8784,366.0
NO,CO,72.92,7190,299.6
NO,NO,79.53,1054,43.9
NO,NO2,75.8,5045,210.2
NO,NOX,75.86,4982,207.6
NO,O3,75.06,3659,152.5
NO,PM10,94.42,429,17.9
NO,PM2.5,54.25,5990,249.6
NO,PRS,96.87,89,3.7
NO,RAINF,97.29,89,3.7
NO,RH,87.43,3700,154.2
NO,SO2,82.31,3714,154.8
NO,SR,97.71,46,1.9
NO,TOUT,88.05,4056,169.0
NO,WSR,94.23,157,6.5
NO,WDR,89.48,2045,85.2
NO2,CO,97.26,265,11.0
NO2,NO,90.07,2208,92.0
NO2,NO2,85.9,1790,74.6
NO2,NOX,90.57,1788,74.5
NO2,O3,93.35,644,26.8
NO2,PM10,97.27,265,11.0
NO2,PM2.5,85.38,655,27.3
NO2,PRS,90.15,310,12.9
NO2,RAINF,98.21,265,11.0
NO2,RH,95.47,880,36.7
NO2,SO2,89.17,973,40.5
NO2,SR,80.05,1091,45.5
NO2,TOUT,97.54,342,14.2
NO2,WSR,96.04,265,11.0
NO2,WDR,92.9,265,11.0
NO3,CO,41.85,25561,1065.0
NO3,NO,36.6,25561,1065.0
NO3,NO2,36.65,25561,1065.0
NO3,NOX,36.64,25561,1065.0
NO3,O3,42.97,25561,1065.0
NO3,PM10,44.76,25561,1065.0
NO3,PM2.5,6.74,37094,1545.6
NO3,PRS,46.34,25561,1065.0
NO3,RAINF,46.34,25561,1065.0
NO3,RH,31.52,25561,1065.0
NO3,SO2,43.86,25561,1065.0
NO3,SR,50.45,25561,1065.0
NO3,TOUT,46.31,25561,1065.0
NO3,WSR,46.09,25561,1065.0
NO3,WDR,50.35,25561,1065.0
NTE,CO,77.27,10187,424.5
NTE,NO,75.19,10073,419.7
NTE,NO2,75.69,10075,419.8
NTE,NOX,75.65,10075,419.8
NTE,O3,76.92,9339,389.1
NTE,PM10,91.5,1875,78.1
NTE,PM2.5,84.34,1953,81.4
NTE,PRS,79.11,10034,418.1
NTE,RAINF,82.84,8024,334.3
NTE,RH,41.53,8024,334.3
NTE,SO2,71.87,9332,388.8
NTE,SR,89.39,761,31.7
NTE,TOUT,79.48,10033,418.0
NTE,WSR,81.9,8024,334.3
NTE,WDR,79.48,8026,334.4
NTE2,CO,94.38,1758,73.2
NTE2,NO,83.09,3315,138.1
NTE2,NO2,82.22,7440,310.0
NTE2,NOX,82.22,7440,310.0
NTE2,O3,80.18,4820,200.8
NTE2,PM10,96.46,73,3.0
NTE2,PM2.5,85.6,1141,47.5
NTE2,PRS,98.7,52,2.2
NTE2,RAINF,98.81,52,2.2
NTE2,RH,98.41,52,2.2
NTE2,SO2,75.72,2144,89.3
NTE2,SR,99.51,30,1.2
NTE2,TOUT,98.75,52,2.2
NTE2,WSR,98.81,52,2.2
NTE2,WDR,98.67,52,2.2
SE,CO,90.23,2320,96.7
SE,NO,75.56,10239,426.6
SE,NO2,78.07,10239,426.6
SE,NOX,78.08,10239,426.6
SE,O3,95.95,70,2.9
SE,PM10,96.43,121,5.0
SE,PM2.5,87.0,520,21.7
SE,PRS,94.58,314,13.1
SE,RAINF,98.07,94,3.9
SE,RH,97.8,94,3.9
SE,SO2,94.07,143,6.0
SE,SR,99.35,32,1.3
SE,TOUT,92.56,94,3.9
SE,WSR,97.95,94,3.9
SE,WDR,79.46,2064,86.0
SE2,CO,73.03,5568,232.0
SE2,NO,77.61,9317,388.2
SE2,NO2,78.45,9317,388.2
SE2,NOX,78.97,9317,388.2
SE2,O3,71.88,10288,428.7
SE2,PM10,94.81,480,20.0
SE2,PM2.5,86.89,1672,69.7
SE2,PRS,94.5,899,37.5
SE2,RAINF,81.14,4753,198.0
SE2,RH,72.81,8760,365.0
SE2,SO2,93.21,436,18.2
SE2,SR,99.18,49,2.0
SE2,TOUT,94.58,1360,56.7
SE2,WSR,92.74,436,18.2
SE2,WDR,95.49,436,18.2
SE3,CO,92.02,815,34.0
SE3,NO,96.22,160,6.7
SE3,NO2,96.69,160,6.7
SE3,NOX,96.73,160,6.7
SE3,O3,92.83,569,23.7
SE3,PM10,96.3,160,6.7
SE3,PM2.5,87.55,375,15.6
SE3,PRS,94.63,160,6.7
SE3,RAINF,97.88,160,6.7
SE3,RH,97.19,160,6.7
SE3,SO2,94.08,336,14.0
SE3,SR,98.94,34,1.4
SE3,TOUT,97.83,160,6.7
SE3,WSR,97.21,160,6.7
SE3,WDR,97.78,160,6.7
SO,CO,87.01,3866,161.1
SO,NO,90.04,599,25.0
SO,NO2,88.57,712,29.7
SO,NOX,87.29,1807,75.3
SO,O3,90.28,2160,90.0
SO,PM10,96.89,198,8.2
SO,PM2.5,88.84,370,15.4
SO,PRS,87.32,950,39.6
SO,RAINF,96.61,670,27.9
SO,RH,85.97,1861,77.5
SO,SO2,92.84,2160,90.0
SO,SR,97.34,224,9.3
SO,TOUT,95.68,1049,43.7
SO,WSR,95.93,1049,43.7
SO,WDR,92.36,709,29.5
SO2,CO,95.5,607,25.3
SO2,NO,88.87,2989,124.5
SO2,NO2,90.15,2989,124.5
SO2,NOX,90.15,2989,124.5
SO2,O3,97.82,96,4.0
SO2,PM10,94.67,277,11.5
SO2,PM2.5,85.73,1043,43.5
SO2,PRS,99.18,96,4.0
SO2,RAINF,99.2,96,4.0
SO2,RH,98.56,96,4.0
SO2,SO2,92.75,96,4.0
SO2,SR,99.64,17,0.7
SO2,TOUT,99.2,96,4.0
SO2,WSR,85.31,489,20.4
SO2,WDR,98.23,491,20.5
SUR,CO,78.43,2572,107.2
SUR,NO,76.31,10117,421.5
SUR,NO2,77.0,10117,421.5
SUR,NOX,79.93,1532,63.8
SUR,O3,79.37,8704,362.7
SUR,PM10,97.45,66,2.8
SUR,PM2.5,70.17,2389,99.5
SUR,PRS,95.45,446,18.6
SUR,RAINF,98.32,246,10.2
SUR,RH,95.57,446,18.6
SUR,SO2,75.21,9557,398.2
SUR,SR,99.22,72,3.0
SUR,TOUT,95.49,449,18.7
SUR,WSR,97.74,246,10.2
SUR,WDR,79.55,1701,70.9
